trial,bug_id,first_seconds
"origin-dollar-1009-baseline","origin-dollar/burn-balance-shortfall",0.0
"origin-dollar-1009-baseline","origin-dollar/change-supply-mismatch",0.0
"origin-dollar-1009-baseline","origin-dollar/rebasing-credits-per-token-increase",0.0
"origin-dollar-1009-baseline","origin-dollar/transfer-sender-shortfall",0.0
"origin-dollar-1009-greedy","origin-dollar/burn-balance-shortfall",0.0
"origin-dollar-1009-greedy","origin-dollar/change-supply-mismatch",0.0
"origin-dollar-1009-greedy","origin-dollar/rebasing-credits-per-token-increase",0.0
"origin-dollar-1009-greedy","origin-dollar/transfer-sender-shortfall",0.0
"origin-dollar-1009-round-robin","origin-dollar/burn-balance-shortfall",1.0
"origin-dollar-1009-round-robin","origin-dollar/change-supply-mismatch",0.0
"origin-dollar-1009-round-robin","origin-dollar/rebasing-credits-per-token-increase",1.0
"origin-dollar-1009-round-robin","origin-dollar/transfer-sender-shortfall",1.0
"origin-dollar-1009-uniform","origin-dollar/burn-balance-shortfall",0.0
"origin-dollar-1009-uniform","origin-dollar/change-supply-mismatch",0.0
"origin-dollar-1009-uniform","origin-dollar/rebasing-credits-per-token-increase",0.0
"origin-dollar-1009-uniform","origin-dollar/transfer-sender-shortfall",0.0
"origin-dollar-1009-weighted","origin-dollar/burn-balance-shortfall",0.0
"origin-dollar-1009-weighted","origin-dollar/change-supply-mismatch",0.0
"origin-dollar-1009-weighted","origin-dollar/rebasing-credits-per-token-increase",0.0
"origin-dollar-1009-weighted","origin-dollar/transfer-sender-shortfall",0.0
"origin-dollar-2003-baseline","origin-dollar/burn-balance-shortfall",0.0
"origin-dollar-2003-baseline","origin-dollar/change-supply-mismatch",0.0
"origin-dollar-2003-baseline","origin-dollar/rebasing-credits-per-token-increase",0.0
"origin-dollar-2003-baseline","origin-dollar/transfer-sender-shortfall",1.0
"origin-dollar-2003-greedy","origin-dollar/burn-balance-shortfall",1.0
"origin-dollar-2003-greedy","origin-dollar/change-supply-mismatch",0.0
"origin-dollar-2003-greedy","origin-dollar/rebasing-credits-per-token-increase",0.0
"origin-dollar-2003-greedy","origin-dollar/total-supply-below-balances",3.0
"origin-dollar-2003-greedy","origin-dollar/transfer-sender-shortfall",1.0
"origin-dollar-2003-round-robin","origin-dollar/burn-balance-shortfall",0.0
"origin-dollar-2003-round-robin","origin-dollar/change-supply-mismatch",0.0
"origin-dollar-2003-round-robin","origin-dollar/rebasing-credits-per-token-increase",0.0
"origin-dollar-2003-round-robin","origin-dollar/total-supply-below-balances",4.0
"origin-dollar-2003-round-robin","origin-dollar/transfer-sender-shortfall",0.0
"origin-dollar-2003-uniform","origin-dollar/burn-balance-shortfall",0.0
"origin-dollar-2003-uniform","origin-dollar/change-supply-mismatch",0.0
"origin-dollar-2003-uniform","origin-dollar/rebasing-credits-per-token-increase",0.0
"origin-dollar-2003-uniform","origin-dollar/transfer-sender-shortfall",1.0
"origin-dollar-2003-weighted","origin-dollar/burn-balance-shortfall",0.0
"origin-dollar-2003-weighted","origin-dollar/change-supply-mismatch",0.0
"origin-dollar-2003-weighted","origin-dollar/rebasing-credits-per-token-increase",0.0
"origin-dollar-2003-weighted","origin-dollar/transfer-sender-shortfall",1.0
"origin-dollar-3001-baseline","origin-dollar/burn-balance-shortfall",0.0
"origin-dollar-3001-baseline","origin-dollar/change-supply-mismatch",0.0
"origin-dollar-3001-baseline","origin-dollar/rebasing-credits-per-token-increase",1.0
"origin-dollar-3001-baseline","origin-dollar/transfer-sender-shortfall",0.0
"origin-dollar-3001-greedy","origin-dollar/burn-balance-shortfall",0.0
"origin-dollar-3001-greedy","origin-dollar/change-supply-mismatch",0.0
"origin-dollar-3001-greedy","origin-dollar/rebasing-credits-per-token-increase",0.0
"origin-dollar-3001-greedy","origin-dollar/transfer-sender-shortfall",0.0
"origin-dollar-3001-round-robin","origin-dollar/burn-balance-shortfall",0.0
"origin-dollar-3001-round-robin","origin-dollar/change-supply-mismatch",0.0
"origin-dollar-3001-round-robin","origin-dollar/rebasing-credits-per-token-increase",0.0
"origin-dollar-3001-round-robin","origin-dollar/transfer-sender-shortfall",0.0
"origin-dollar-3001-uniform","origin-dollar/burn-balance-shortfall",0.0
"origin-dollar-3001-uniform","origin-dollar/change-supply-mismatch",0.0
"origin-dollar-3001-uniform","origin-dollar/rebasing-credits-per-token-increase",0.0
"origin-dollar-3001-uniform","origin-dollar/transfer-sender-shortfall",0.0
"origin-dollar-3001-weighted","origin-dollar/burn-balance-shortfall",0.0
"origin-dollar-3001-weighted","origin-dollar/change-supply-mismatch",0.0
"origin-dollar-3001-weighted","origin-dollar/rebasing-credits-per-token-increase",0.0
"origin-dollar-3001-weighted","origin-dollar/transfer-sender-shortfall",0.0
