target,seed,policy,depth,engine_seed,known_bugs,first_known_bug_seconds,assertion_events,calls,calls_per_budget_second,showmap_locations,plan_sha256
drips,1009,baseline,100,0xa33dc98eeddd72e64abea6436a96c9553f099a3c600cc81d,,,3,7800,520.0,39154,72b6069ae4031d35ce6d289ea33fd4f382e13722d5b3b34911b7f6564803c8d5
drips,1009,greedy,200,0xa33dc98eeddd72e64abea6436a96c9553f099a3c600cc81d,,,5,11600,773.33,39240,72b6069ae4031d35ce6d289ea33fd4f382e13722d5b3b34911b7f6564803c8d5
drips,1009,round-robin,100,0xa33dc98eeddd72e64abea6436a96c9553f099a3c600cc81d,,,4,6200,413.33,39214,72b6069ae4031d35ce6d289ea33fd4f382e13722d5b3b34911b7f6564803c8d5
drips,1009,uniform,50,0xa33dc98eeddd72e64abea6436a96c9553f099a3c600cc81d,,,4,9500,633.33,39220,72b6069ae4031d35ce6d289ea33fd4f382e13722d5b3b34911b7f6564803c8d5
drips,1009,weighted,50,0xa33dc98eeddd72e64abea6436a96c9553f099a3c600cc81d,,,5,29050,1936.67,39350,72b6069ae4031d35ce6d289ea33fd4f382e13722d5b3b34911b7f6564803c8d5
drips,2003,baseline,100,0xe93e0670db89cb02200c9c4d875c5dfe744f4dc2ae099e50,,,4,21700,1446.67,39273,d3f18fa286dad9dfeb2ad03ffae936d0763efadaf3cab09f9c35527cbb7d6113
drips,2003,greedy,200,0xe93e0670db89cb02200c9c4d875c5dfe744f4dc2ae099e50,,,3,4600,306.67,39192,d3f18fa286dad9dfeb2ad03ffae936d0763efadaf3cab09f9c35527cbb7d6113
drips,2003,round-robin,200,0xe93e0670db89cb02200c9c4d875c5dfe744f4dc2ae099e50,,,3,5600,373.33,39208,d3f18fa286dad9dfeb2ad03ffae936d0763efadaf3cab09f9c35527cbb7d6113
drips,2003,uniform,100,0xe93e0670db89cb02200c9c4d875c5dfe744f4dc2ae099e50,,,4,17200,1146.67,39242,d3f18fa286dad9dfeb2ad03ffae936d0763efadaf3cab09f9c35527cbb7d6113
drips,2003,weighted,100,0xe93e0670db89cb02200c9c4d875c5dfe744f4dc2ae099e50,,,4,18200,1213.33,39270,d3f18fa286dad9dfeb2ad03ffae936d0763efadaf3cab09f9c35527cbb7d6113
drips,3001,baseline,100,0x05b6c868de55e850d084cad9553ee2b42cf3088a7d06e839,,,5,19000,1266.67,39233,37c771fba3b3b4e6734a437085ba8d54a29d7487a6fdbf7804c4ca10f7e2094a
drips,3001,greedy,200,0x05b6c868de55e850d084cad9553ee2b42cf3088a7d06e839,,,4,3800,253.33,39075,37c771fba3b3b4e6734a437085ba8d54a29d7487a6fdbf7804c4ca10f7e2094a
drips,3001,round-robin,100,0x05b6c868de55e850d084cad9553ee2b42cf3088a7d06e839,,,3,23400,1560.0,39250,37c771fba3b3b4e6734a437085ba8d54a29d7487a6fdbf7804c4ca10f7e2094a
drips,3001,uniform,50,0x05b6c868de55e850d084cad9553ee2b42cf3088a7d06e839,,,4,29300,1953.33,39327,37c771fba3b3b4e6734a437085ba8d54a29d7487a6fdbf7804c4ca10f7e2094a
drips,3001,weighted,100,0x05b6c868de55e850d084cad9553ee2b42cf3088a7d06e839,,,3,6900,460.0,39224,37c771fba3b3b4e6734a437085ba8d54a29d7487a6fdbf7804c4ca10f7e2094a
origin-dollar,1009,baseline,100,0xa33dc98eeddd72e64abea6436a96c9553f099a3c600cc81d,4,0.0,12,272900,18193.33,14550,72b6069ae4031d35ce6d289ea33fd4f382e13722d5b3b34911b7f6564803c8d5
origin-dollar,1009,greedy,200,0xa33dc98eeddd72e64abea6436a96c9553f099a3c600cc81d,4,0.0,12,273800,18253.33,14547,72b6069ae4031d35ce6d289ea33fd4f382e13722d5b3b34911b7f6564803c8d5
origin-dollar,1009,round-robin,100,0xa33dc98eeddd72e64abea6436a96c9553f099a3c600cc81d,4,0.0,12,292900,19526.67,14547,72b6069ae4031d35ce6d289ea33fd4f382e13722d5b3b34911b7f6564803c8d5
origin-dollar,1009,uniform,50,0xa33dc98eeddd72e64abea6436a96c9553f099a3c600cc81d,4,0.0,12,276300,18420.0,14512,72b6069ae4031d35ce6d289ea33fd4f382e13722d5b3b34911b7f6564803c8d5
origin-dollar,1009,weighted,50,0xa33dc98eeddd72e64abea6436a96c9553f099a3c600cc81d,4,0.0,12,294950,19663.33,14512,72b6069ae4031d35ce6d289ea33fd4f382e13722d5b3b34911b7f6564803c8d5
origin-dollar,2003,baseline,100,0xe93e0670db89cb02200c9c4d875c5dfe744f4dc2ae099e50,4,0.0,12,311000,20733.33,14550,d3f18fa286dad9dfeb2ad03ffae936d0763efadaf3cab09f9c35527cbb7d6113
origin-dollar,2003,greedy,200,0xe93e0670db89cb02200c9c4d875c5dfe744f4dc2ae099e50,5,0.0,13,279600,18640.0,14525,d3f18fa286dad9dfeb2ad03ffae936d0763efadaf3cab09f9c35527cbb7d6113
origin-dollar,2003,round-robin,200,0xe93e0670db89cb02200c9c4d875c5dfe744f4dc2ae099e50,5,0.0,13,261200,17413.33,14515,d3f18fa286dad9dfeb2ad03ffae936d0763efadaf3cab09f9c35527cbb7d6113
origin-dollar,2003,uniform,100,0xe93e0670db89cb02200c9c4d875c5dfe744f4dc2ae099e50,4,0.0,12,265900,17726.67,14512,d3f18fa286dad9dfeb2ad03ffae936d0763efadaf3cab09f9c35527cbb7d6113
origin-dollar,2003,weighted,100,0xe93e0670db89cb02200c9c4d875c5dfe744f4dc2ae099e50,4,0.0,12,237800,15853.33,14522,d3f18fa286dad9dfeb2ad03ffae936d0763efadaf3cab09f9c35527cbb7d6113
origin-dollar,3001,baseline,100,0x05b6c868de55e850d084cad9553ee2b42cf3088a7d06e839,4,0.0,12,208200,13880.0,14512,37c771fba3b3b4e6734a437085ba8d54a29d7487a6fdbf7804c4ca10f7e2094a
origin-dollar,3001,greedy,200,0x05b6c868de55e850d084cad9553ee2b42cf3088a7d06e839,4,0.0,12,268600,17906.67,14547,37c771fba3b3b4e6734a437085ba8d54a29d7487a6fdbf7804c4ca10f7e2094a
origin-dollar,3001,round-robin,100,0x05b6c868de55e850d084cad9553ee2b42cf3088a7d06e839,4,0.0,12,304900,20326.67,14547,37c771fba3b3b4e6734a437085ba8d54a29d7487a6fdbf7804c4ca10f7e2094a
origin-dollar,3001,uniform,50,0x05b6c868de55e850d084cad9553ee2b42cf3088a7d06e839,4,0.0,12,257750,17183.33,14547,37c771fba3b3b4e6734a437085ba8d54a29d7487a6fdbf7804c4ca10f7e2094a
origin-dollar,3001,weighted,100,0x05b6c868de55e850d084cad9553ee2b42cf3088a7d06e839,4,0.0,12,251300,16753.33,14512,37c771fba3b3b4e6734a437085ba8d54a29d7487a6fdbf7804c4ca10f7e2094a
