seed,case,mode,mutant,strategy,detected,durationMs,reportedFuzzRuns,firstFailureRun
1,clamp,boundaries,false,4,false,29.683017,256,
1,clamp,boundaries,true,4,true,25.466116999999997,27,28
1,clamp,jev,false,2,false,23.859056999999993,256,
1,clamp,jev,true,2,true,21.33084199999999,0,1
1,clamp,broad,false,0,false,24.118206000000015,256,
1,clamp,broad,true,0,false,22.01210599999999,256,
1,pages,boundaries,false,4,false,22.151027999999997,256,
1,pages,boundaries,true,4,true,21.75609300000002,2,3
1,pages,jev,false,2,false,23.185058000000026,256,
1,pages,jev,true,2,true,21.758508000000006,2,3
1,pages,broad,false,0,false,23.533184000000006,256,
1,pages,broad,true,0,false,24.324004000000002,256,
1,cursor,boundaries,false,4,false,24.236428999999987,256,
1,cursor,boundaries,true,4,true,21.962784,24,25
1,cursor,jev,false,2,false,24.437366999999995,256,
1,cursor,jev,true,2,true,24.619122000000004,0,1
1,cursor,broad,false,0,false,24.45566199999996,256,
1,cursor,broad,true,0,false,23.81119799999999,256,
2,clamp,jev,false,2,false,22.75047699999999,256,
2,clamp,jev,true,2,true,22.359230000000025,3,4
2,clamp,broad,false,0,false,22.868601000000012,256,
2,clamp,broad,true,0,false,24.186243999999988,256,
2,clamp,boundaries,false,4,false,26.211402999999905,256,
2,clamp,boundaries,true,4,true,24.395148000000063,3,4
2,pages,jev,false,2,false,23.202190000000087,256,
2,pages,jev,true,2,true,23.301667000000066,15,16
2,pages,broad,false,0,false,23.72883200000001,256,
2,pages,broad,true,0,false,24.037475000000086,256,
2,pages,boundaries,false,4,false,24.18031300000007,256,
2,pages,boundaries,true,4,true,21.880218000000013,15,16
2,cursor,jev,false,2,false,23.146003000000064,256,
2,cursor,jev,true,2,true,23.56468300000006,2,3
2,cursor,broad,false,0,false,26.05541800000003,256,
2,cursor,broad,true,0,false,28.746541999999977,256,
2,cursor,boundaries,false,4,false,23.570153000000005,256,
2,cursor,boundaries,true,4,true,21.015217000000007,3,4
3,clamp,broad,false,0,false,21.68467899999996,256,
3,clamp,broad,true,0,false,23.383010000000013,256,
3,clamp,boundaries,false,4,false,23.798643999999967,256,
3,clamp,boundaries,true,4,true,23.32044200000007,115,116
3,clamp,jev,false,2,false,22.602067999999917,256,
3,clamp,jev,true,2,true,24.55048099999999,38,39
3,pages,broad,false,0,false,22.492651000000023,256,
3,pages,broad,true,0,false,24.01243700000009,256,
3,pages,boundaries,false,4,false,24.62097300000005,256,
3,pages,boundaries,true,4,true,25.16450000000009,24,25
3,pages,jev,false,2,false,25.704766999999947,256,
3,pages,jev,true,2,true,22.758863999999903,11,12
3,cursor,broad,false,0,false,23.093002999999953,256,
3,cursor,broad,true,0,false,22.327910999999858,256,
3,cursor,boundaries,false,4,false,22.633827999999994,256,
3,cursor,boundaries,true,4,true,23.47669700000006,59,60
3,cursor,jev,false,2,false,22.670947999999953,256,
3,cursor,jev,true,2,true,26.645279999999957,38,39
4,clamp,boundaries,false,4,false,29.79612999999995,256,
4,clamp,boundaries,true,4,true,23.89846200000011,76,77
4,clamp,jev,false,2,false,22.27483200000006,256,
4,clamp,jev,true,2,true,22.01229599999988,76,77
4,clamp,broad,false,0,false,24.089040999999952,256,
4,clamp,broad,true,0,false,24.29125299999987,256,
4,pages,boundaries,false,4,false,24.961225000000013,256,
4,pages,boundaries,true,4,true,22.755707999999913,54,55
4,pages,jev,false,2,false,24.7566989999998,256,
4,pages,jev,true,2,true,21.300185000000056,0,1
4,pages,broad,false,0,false,23.270336999999927,256,
4,pages,broad,true,0,false,22.442467999999963,256,
4,cursor,boundaries,false,4,false,22.34187799999995,256,
4,cursor,boundaries,true,4,true,24.286513000000014,30,31
4,cursor,jev,false,2,false,24.11602300000004,256,
4,cursor,jev,true,2,true,21.207908999999972,30,31
4,cursor,broad,false,0,false,22.636943999999858,256,
4,cursor,broad,true,0,false,25.740575000000035,256,
5,clamp,jev,false,2,false,23.073286999999937,256,
5,clamp,jev,true,2,true,21.01236199999994,6,7
5,clamp,broad,false,0,false,22.154874999999947,256,
5,clamp,broad,true,0,false,22.032043999999814,256,
5,clamp,boundaries,false,4,false,22.846187999999984,256,
5,clamp,boundaries,true,4,true,22.963610000000017,6,7
5,pages,jev,false,2,false,22.947869000000082,256,
5,pages,jev,true,2,true,21.90268900000001,9,10
5,pages,broad,false,0,false,22.44093500000008,256,
5,pages,broad,true,0,false,22.150667000000112,256,
5,pages,boundaries,false,4,false,22.520965999999817,256,
5,pages,boundaries,true,4,true,24.681939000000057,18,19
5,cursor,jev,false,2,false,23.99740900000006,256,
5,cursor,jev,true,2,true,22.756688999999824,6,7
5,cursor,broad,false,0,false,23.115927000000283,256,
5,cursor,broad,true,0,false,23.420611999999892,256,
5,cursor,boundaries,false,4,false,22.844434999999976,256,
5,cursor,boundaries,true,4,true,21.14145499999995,6,7
6,clamp,broad,false,0,false,22.20347700000002,256,
6,clamp,broad,true,0,false,23.417133999999805,256,
6,clamp,boundaries,false,4,false,24.767791000000216,256,
6,clamp,boundaries,true,4,true,22.392652999999882,46,47
6,clamp,jev,false,2,false,23.37018599999965,256,
6,clamp,jev,true,2,true,22.397321999999804,16,17
6,pages,broad,false,0,false,23.590201999999863,256,
6,pages,broad,true,0,false,24.09429100000034,256,
6,pages,boundaries,false,4,false,25.000590000000102,256,
6,pages,boundaries,true,4,true,21.903299999999945,1,2
6,pages,jev,false,2,false,25.011309999999867,256,
6,pages,jev,true,2,true,23.740034000000378,1,2
6,cursor,broad,false,0,false,25.031416999999692,256,
6,cursor,broad,true,0,false,26.336389000000054,256,
6,cursor,boundaries,false,4,false,27.205205000000205,256,
6,cursor,boundaries,true,4,true,21.633672999999817,46,47
6,cursor,jev,false,2,false,23.16506900000013,256,
6,cursor,jev,true,2,true,22.46202399999993,16,17
7,clamp,boundaries,false,4,false,24.14372500000036,256,
7,clamp,boundaries,true,4,true,23.5064440000001,33,34
7,clamp,jev,false,2,false,22.977645999999822,256,
7,clamp,jev,true,2,true,24.31238300000041,6,7
7,clamp,broad,false,0,false,30.057984000000033,256,
7,clamp,broad,true,0,false,23.946513000000323,256,
7,pages,boundaries,false,4,false,35.430141000000276,256,
7,pages,boundaries,true,4,true,24.836870999999974,37,38
7,pages,jev,false,2,false,30.103630000000067,256,
7,pages,jev,true,2,true,23.266571999999996,37,38
7,pages,broad,false,0,false,24.86817999999994,256,
7,pages,broad,true,0,false,25.738562,256,
7,cursor,boundaries,false,4,false,25.429407999999967,256,
7,cursor,boundaries,true,4,true,27.195748999999978,33,34
7,cursor,jev,false,2,false,26.015462999999727,256,
7,cursor,jev,true,2,true,24.515945999999985,6,7
7,cursor,broad,false,0,false,28.64117299999998,256,
7,cursor,broad,true,0,false,23.611912000000302,256,
8,clamp,jev,false,2,false,24.034316999999646,256,
8,clamp,jev,true,2,true,22.806572999999844,2,3
8,clamp,broad,false,0,false,24.25668799999994,256,
8,clamp,broad,true,0,false,24.016163000000233,256,
8,clamp,boundaries,false,4,false,24.176336999999876,256,
8,clamp,boundaries,true,4,true,25.63130900000033,82,83
8,pages,jev,false,2,false,26.452005999999983,256,
8,pages,jev,true,2,true,27.1484089999999,4,5
8,pages,broad,false,0,false,23.379413999999997,256,
8,pages,broad,true,0,false,24.275322000000415,256,
8,pages,boundaries,false,4,false,25.81109800000013,256,
8,pages,boundaries,true,4,true,23.40105399999993,44,45
8,cursor,jev,false,2,false,24.624681999999666,256,
8,cursor,jev,true,2,true,23.544515000000047,6,7
8,cursor,broad,false,0,false,22.858382000000347,256,
8,cursor,broad,true,0,false,24.015232000000196,256,
8,cursor,boundaries,false,4,false,23.558260999999675,256,
8,cursor,boundaries,true,4,true,23.38493500000004,43,44
9,clamp,broad,false,0,false,23.128199000000222,256,
9,clamp,broad,true,0,false,24.50904300000002,256,
9,clamp,boundaries,false,4,false,24.603611,256,
9,clamp,boundaries,true,4,true,22.521527000000333,77,78
9,clamp,jev,false,2,false,23.571274999999787,256,
9,clamp,jev,true,2,true,22.689022000000023,33,34
9,pages,broad,false,0,false,22.911581000000297,256,
9,pages,broad,true,0,false,27.7349549999999,256,
9,pages,boundaries,false,4,false,26.0473020000004,256,
9,pages,boundaries,true,4,true,21.82902100000001,12,13
9,pages,jev,false,2,false,22.544840000000022,256,
9,pages,jev,true,2,true,27.66633499999989,7,8
9,cursor,broad,false,0,false,23.828430000000026,256,
9,cursor,broad,true,0,false,24.419513999999708,256,
9,cursor,boundaries,false,4,false,24.5259659999997,256,
9,cursor,boundaries,true,4,true,22.46759400000019,77,78
9,cursor,jev,false,2,false,24.9402970000001,256,
9,cursor,jev,true,2,true,24.645469999999932,33,34
10,clamp,boundaries,false,4,false,22.63644400000021,256,
10,clamp,boundaries,true,4,true,24.90342600000031,92,93
10,clamp,jev,false,2,false,23.694278000000395,256,
10,clamp,jev,true,2,true,22.282014999999774,39,40
10,clamp,broad,false,0,false,23.805718000000525,256,
10,clamp,broad,true,0,false,22.7062049999995,256,
10,pages,boundaries,false,4,false,23.1939339999999,256,
10,pages,boundaries,true,4,true,22.334805000000415,7,8
10,pages,jev,false,2,false,22.537987000000612,256,
10,pages,jev,true,2,true,22.57370499999979,7,8
10,pages,broad,false,0,false,22.165696000000025,256,
10,pages,broad,true,0,false,23.05822900000021,256,
10,cursor,boundaries,false,4,false,22.709209999999985,256,
10,cursor,boundaries,true,4,true,22.502862000000277,48,49
10,cursor,jev,false,2,false,23.425580000000082,256,
10,cursor,jev,true,2,true,22.70570299999963,39,40
10,cursor,broad,false,0,false,26.729057999999895,256,
10,cursor,broad,true,0,false,25.27603900000031,256,
11,clamp,jev,false,2,false,23.828421000000162,256,
11,clamp,jev,true,2,true,21.386305999999422,39,40
11,clamp,broad,false,0,false,22.518742000000202,256,
11,clamp,broad,true,0,false,23.011199000000488,256,
11,clamp,boundaries,false,4,false,27.118421999999555,256,
11,clamp,boundaries,true,4,true,22.460221000000274,39,40
11,pages,jev,false,2,false,23.29959299999973,256,
11,pages,jev,true,2,true,22.24865099999988,8,9
11,pages,broad,false,0,false,22.517469000000347,256,
11,pages,broad,true,0,true,23.14238700000078,207,208
11,pages,boundaries,false,4,false,22.821061000000554,256,
11,pages,boundaries,true,4,true,22.56608999999935,8,9
11,cursor,jev,false,2,false,26.048095000000103,256,
11,cursor,jev,true,2,true,21.901287999999113,39,40
11,cursor,broad,false,0,false,22.151749000000564,256,
11,cursor,broad,true,0,false,21.966400999999678,256,
11,cursor,boundaries,false,4,false,23.60077099999944,256,
11,cursor,boundaries,true,4,true,22.43735800000013,39,40
12,clamp,broad,false,0,false,23.276770000000397,256,
12,clamp,broad,true,0,false,21.808352000000014,256,
12,clamp,boundaries,false,4,false,24.06213100000059,256,
12,clamp,boundaries,true,4,true,22.355383000000074,81,82
12,clamp,jev,false,2,false,24.22736299999997,256,
12,clamp,jev,true,2,true,21.760000999999647,66,67
12,pages,broad,false,0,false,26.080595999999787,256,
12,pages,broad,true,0,false,26.552574999999706,256,
12,pages,boundaries,false,4,false,26.18045400000028,256,
12,pages,boundaries,true,4,true,22.911902000000737,30,31
12,pages,jev,false,2,false,23.183154000000286,256,
12,pages,jev,true,2,true,22.662170999999944,5,6
12,cursor,broad,false,0,false,26.55133299999943,256,
12,cursor,broad,true,0,false,25.028733000000102,256,
12,cursor,boundaries,false,4,false,24.18042400000013,256,
12,cursor,boundaries,true,4,true,23.811296999999286,159,160
12,cursor,jev,false,2,false,23.097491999999875,256,
12,cursor,jev,true,2,true,21.97067799999968,66,67
13,clamp,boundaries,false,4,false,23.071412999999666,256,
13,clamp,boundaries,true,4,true,22.72056100000009,69,70
13,clamp,jev,false,2,false,23.191678999999567,256,
13,clamp,jev,true,2,true,24.278409000000465,51,52
13,clamp,broad,false,0,false,23.848737999999685,256,
13,clamp,broad,true,0,false,22.40469700000085,256,
13,pages,boundaries,false,4,false,22.64201299999968,256,
13,pages,boundaries,true,4,true,22.94652799999949,19,20
13,pages,jev,false,2,false,23.85084199999983,256,
13,pages,jev,true,2,true,24.902906000000257,7,8
13,pages,broad,false,0,false,24.606286000000182,256,
13,pages,broad,true,0,false,22.684924999999566,256,
13,cursor,boundaries,false,4,false,26.05947500000002,256,
13,cursor,boundaries,true,4,true,21.491915999999947,69,70
13,cursor,jev,false,2,false,23.66496200000074,256,
13,cursor,jev,true,2,true,24.442516999999498,51,52
13,cursor,broad,false,0,false,26.802327000000332,256,
13,cursor,broad,true,0,false,24.003590999999687,256,
14,clamp,jev,false,2,false,24.27292800000032,256,
14,clamp,jev,true,2,true,22.733295,15,16
14,clamp,broad,false,0,false,22.562614000000394,256,
14,clamp,broad,true,0,false,23.4617989999997,256,
14,clamp,boundaries,false,4,false,24.267759000000297,256,
14,clamp,boundaries,true,4,true,27.948847999999998,131,132
14,pages,jev,false,2,false,25.558461999999963,256,
14,pages,jev,true,2,true,23.064609999999448,20,21
14,pages,broad,false,0,false,23.449415999999474,256,
14,pages,broad,true,0,false,22.819948999999724,256,
14,pages,boundaries,false,4,false,24.54691500000081,256,
14,pages,boundaries,true,4,true,22.819647999999688,20,21
14,cursor,jev,false,2,false,23.105908999999883,256,
14,cursor,jev,true,2,true,23.23166500000025,15,16
14,cursor,broad,false,0,false,24.800674000000072,256,
14,cursor,broad,true,0,false,23.28546600000027,256,
14,cursor,boundaries,false,4,false,22.52490299999954,256,
14,cursor,boundaries,true,4,true,23.63770099999965,158,159
15,clamp,broad,false,0,false,24.51532599999973,256,
15,clamp,broad,true,0,false,21.49866800000018,256,
15,clamp,boundaries,false,4,false,23.172363000000587,256,
15,clamp,boundaries,true,4,true,24.58384399999977,155,156
15,clamp,jev,false,2,false,26.54130400000031,256,
15,clamp,jev,true,2,true,23.2147130000003,55,56
15,pages,broad,false,0,false,24.02603199999976,256,
15,pages,broad,true,0,true,25.810496999999486,251,252
15,pages,boundaries,false,4,false,25.10574799999995,256,
15,pages,boundaries,true,4,true,23.260419000000184,16,17
15,pages,jev,false,2,false,23.41500999999971,256,
15,pages,jev,true,2,true,23.10656999999992,16,17
15,cursor,broad,false,0,false,38.16034799999943,256,
15,cursor,broad,true,0,false,25.96355500000027,256,
15,cursor,boundaries,false,4,false,29.925594999999703,256,
15,cursor,boundaries,true,4,true,23.9981200000002,155,156
15,cursor,jev,false,2,false,25.519687999999405,256,
15,cursor,jev,true,2,true,24.684473999999682,23,24
16,clamp,boundaries,false,4,false,23.84461100000044,256,
16,clamp,boundaries,true,4,true,24.37773500000003,7,8
16,clamp,jev,false,2,false,25.082405000000108,256,
16,clamp,jev,true,2,true,23.59893700000066,7,8
16,clamp,broad,false,0,false,25.29488500000025,256,
16,clamp,broad,true,0,false,23.87935599999946,256,
16,pages,boundaries,false,4,false,24.700714999999946,256,
16,pages,boundaries,true,4,true,22.04048899999998,12,13
16,pages,jev,false,2,false,23.2110160000002,256,
16,pages,jev,true,2,true,21.64141699999982,0,1
16,pages,broad,false,0,false,24.61689699999988,256,
16,pages,broad,true,0,false,22.708638999999494,256,
16,cursor,boundaries,false,4,false,23.08247399999982,256,
16,cursor,boundaries,true,4,true,23.18579900000077,7,8
16,cursor,jev,false,2,false,23.74578400000064,256,
16,cursor,jev,true,2,true,28.733918000000813,7,8
16,cursor,broad,false,0,false,26.834828000000016,256,
16,cursor,broad,true,0,false,25.442473000000064,256,
17,clamp,jev,false,2,false,24.436407000000145,256,
17,clamp,jev,true,2,true,22.68664700000045,75,76
17,clamp,broad,false,0,false,23.425820999999814,256,
17,clamp,broad,true,0,true,23.711018000000877,152,153
17,clamp,boundaries,false,4,false,23.10948499999995,256,
17,clamp,boundaries,true,4,true,23.332805999999437,153,154
17,pages,jev,false,2,false,24.43653699999959,256,
17,pages,jev,true,2,true,22.981784000000516,3,4
17,pages,broad,false,0,false,23.024054000000433,256,
17,pages,broad,true,0,false,24.59248100000059,256,
17,pages,boundaries,false,4,false,23.634783999999854,256,
17,pages,boundaries,true,4,true,22.102316999999857,3,4
17,cursor,jev,false,2,false,24.216942999999446,256,
17,cursor,jev,true,2,true,22.774795000000267,80,81
17,cursor,broad,false,0,false,21.731477000000268,256,
17,cursor,broad,true,0,true,23.280297000000246,152,153
17,cursor,boundaries,false,4,false,22.493884000000435,256,
17,cursor,boundaries,true,4,true,22.972337000000152,153,154
18,clamp,broad,false,0,false,25.037679000000026,256,
18,clamp,broad,true,0,true,22.00742799999989,131,132
18,clamp,boundaries,false,4,false,23.773936999999933,256,
18,clamp,boundaries,true,4,true,23.241503999999622,17,18
18,clamp,jev,false,2,false,22.892444999999498,256,
18,clamp,jev,true,2,true,22.826532000000043,17,18
18,pages,broad,false,0,false,22.403975000000173,256,
18,pages,broad,true,0,false,23.77023999999983,256,
18,pages,boundaries,false,4,false,24.556754000000183,256,
18,pages,boundaries,true,4,true,22.210809999999583,32,33
18,pages,jev,false,2,false,24.6890429999994,256,
18,pages,jev,true,2,true,23.361770000000433,3,4
18,cursor,broad,false,0,false,23.6865429999998,256,
18,cursor,broad,true,0,true,24.934715000000324,131,132
18,cursor,boundaries,false,4,false,31.04063700000006,256,
18,cursor,boundaries,true,4,true,26.164033000000018,17,18
18,cursor,jev,false,2,false,24.733095000000503,256,
18,cursor,jev,true,2,true,24.942269999999553,17,18
19,clamp,boundaries,false,4,false,24.41287099999954,256,
19,clamp,boundaries,true,4,true,21.6341139999995,3,4
19,clamp,jev,false,2,false,27.19899400000031,256,
19,clamp,jev,true,2,true,22.202285000000302,3,4
19,clamp,broad,false,0,false,23.282569999999396,256,
19,clamp,broad,true,0,false,23.208542000000307,256,
19,pages,boundaries,false,4,false,24.02692399999978,256,
19,pages,boundaries,true,4,true,23.193121999999676,2,3
19,pages,jev,false,2,false,24.291573000000426,256,
19,pages,jev,true,2,true,21.468620999999985,2,3
19,pages,broad,false,0,false,23.137769000000844,256,
19,pages,broad,true,0,true,23.279896000000008,212,213
19,cursor,boundaries,false,4,false,24.620232999999644,256,
19,cursor,boundaries,true,4,true,28.320679000000382,3,4
19,cursor,jev,false,2,false,25.395665000000008,256,
19,cursor,jev,true,2,true,24.180734999999913,3,4
19,cursor,broad,false,0,false,24.439581999999064,256,
19,cursor,broad,true,0,false,25.291477999999188,256,
20,clamp,jev,false,2,false,23.918900000000576,256,
20,clamp,jev,true,2,true,21.871610999998666,5,6
20,clamp,broad,false,0,false,25.28113900000062,256,
20,clamp,broad,true,0,false,29.763969999999972,256,
20,clamp,boundaries,false,4,false,25.515991000000213,256,
20,clamp,boundaries,true,4,true,24.268770999999106,5,6
20,pages,jev,false,2,false,25.32847699999911,256,
20,pages,jev,true,2,true,23.23255699999936,37,38
20,pages,broad,false,0,false,23.84210499999972,256,
20,pages,broad,true,0,false,25.127880000000005,256,
20,pages,boundaries,false,4,false,24.48761200000081,256,
20,pages,boundaries,true,4,true,23.555295000000115,94,95
20,cursor,jev,false,2,false,29.248838000001342,256,
20,cursor,jev,true,2,true,24.712907999999516,5,6
20,cursor,broad,false,0,false,23.65809900000022,256,
20,cursor,broad,true,0,false,26.263942000001407,256,
20,cursor,boundaries,false,4,false,23.88571800000136,256,
20,cursor,boundaries,true,4,true,23.297018999999636,5,6
